Topic,Generated Question,Template,Style,Timestamp
Katie Couric,What was the economic impact of Katie Couric becoming the first solo female anchor of a major network evening news broadcast in 2006?,Economic Impact,Academic,2024-11-21 17:15:00
Katie Couric,What has been the impact of Katie Couric's move into online media on her viewership and influence?,Economic Impact,Practical,2024-11-21 17:15:02
Katie Couric,What was Katie Couric's impact on the evolution of women in broadcast journalism from her role as co-anchor of the Today show in 1991 through her time as the first solo female anchor of a major network evening news broadcast on CBS from 2006-2011?,Historical Development,Academic,2024-11-21 17:15:04
Katie Couric,What impact did Katie Couric have on U,Historical Development,Practical,2024-11-21 17:15:06
Cycling,What economic factors drove growth in the cycling industry between 2010-2020?,Economic Impact,Academic,2024-11-21 17:15:07
Cycling,What are the quantifiable economic impacts of increased cycling infrastructure investment on consumer spending and retail growth?,Economic Impact,Practical,2024-11-21 17:15:09
Cycling,What were the key innovations in bicycle technology and infrastructure from 1880-1920 that enabled cycling to become a mainstream form of transportation and recreation?,Historical Development,Academic,2024-11-21 17:15:10
Cycling,What impact did the introduction of derailleur gears and lightweight frames have on recreational and professional cycling participation rates between 1930 and 1970?,Historical Development,Practical,2024-11-21 17:15:12
Swimming,What economic factors drove growth in the recreational swimming industry between 2010-2020?,Economic Impact,Academic,2024-11-21 17:15:13
Swimming,What quantifiable effects has the growth of competitive swimming had on sports equipment manufacturing revenues and market share between 2010-2020?,Economic Impact,Practical,2024-11-21 17:15:15
Swimming,"What key innovations in swimming stroke techniques, training methods, and pool design from 1960-1980 enabled unprecedented gains in world record times across events?",Historical Development,Academic,2024-11-21 17:15:17
Swimming,What technological and training innovations allowed competitive swimmers to lower world record times so dramatically between 1990 and 2010?,Historical Development,Practical,2024-11-21 17:15:19
Biden,What effect has the Biden administration's economic policy had on key market indicators since January 2021?,Economic Impact,Academic,2024-11-21 17:15:20
Biden,What economic indicators best quantify the impact of the Biden administration's policy changes on financial markets since January 2021?,Economic Impact,Practical,2024-11-21 17:15:22
Biden,What policy changes under the Biden administration in 2021-2022 most significantly impacted economic inequality in the United States?,Historical Development,Academic,2024-11-21 17:15:23
Biden,What policy changes under the Biden administration in 2021-2022 most significantly impacted economic inequality in the United States?,Historical Development,Practical,2024-11-21 17:15:25
xAI,What factors drive the adoption of explainable AI systems in financial services?,Economic Impact,Academic,2024-11-21 17:15:26
xAI,What economic factors contribute to the adoption of explainable AI systems?,Economic Impact,Practical,2024-11-21 17:15:27
xAI,What key innovations in explainable AI (xAI) methods since 2010 have enabled more interpretable machine learning models?,Historical Development,Academic,2024-11-21 17:15:29
xAI,What developments in explainable AI (xAI) during the 2010s enabled new applications for understanding and interpreting machine learning model behaviors?,Historical Development,Practical,2024-11-21 17:15:30
